shipment_id,product_id,warehouse_id,scheduled_date,planned_pallet_quantity,available_before_order,projected_inventory_after_order,missing_pallets,readiness_status,earliest_available_date,as_of_date
SHP-00000056,PRD-00051,WH-CENTRAL,2026-08-02,33,186,153,0,READY,2026-08-02,2026-08-01
SHP-00001051,PRD-00131,WH-CENTRAL,2026-08-02,44,157,113,0,READY,2026-08-02,2026-08-01
SHP-00002397,PRD-00134,WH-CENTRAL,2026-08-02,23,263,240,0,READY,2026-08-02,2026-08-01
SHP-00001099,PRD-00178,WH-EAST,2026-08-02,7,91,84,0,READY,2026-08-02,2026-08-01
SHP-00002769,PRD-00138,WH-EAST,2026-08-02,33,160,127,0,READY,2026-08-02,2026-08-01
SHP-00001127,PRD-00167,WH-WEST,2026-08-02,24,96,72,0,READY,2026-08-02,2026-08-01
SHP-00001837,PRD-00057,WH-WEST,2026-08-02,25,17,0,8,SHORT,,2026-08-01
SHP-00000817,PRD-00106,WH-EAST,2026-08-03,48,59,11,0,AT_RISK,2026-08-03,2026-08-01
SHP-00001149,PRD-00133,WH-EAST,2026-08-03,33,19,0,14,WAITING_FOR_INBOUND,2026-08-10,2026-08-01
SHP-00001928,PRD-00145,WH-EAST,2026-08-03,44,64,20,0,READY,2026-08-03,2026-08-01
SHP-00002230,PRD-00172,WH-WEST,2026-08-03,3,125,122,0,READY,2026-08-03,2026-08-01
SHP-00000050,PRD-00117,WH-CENTRAL,2026-08-04,15,203,188,0,READY,2026-08-04,2026-08-01
SHP-00000236,PRD-00071,WH-CENTRAL,2026-08-04,25,116,91,0,READY,2026-08-04,2026-08-01
SHP-00000319,PRD-00181,WH-CENTRAL,2026-08-04,37,167,130,0,READY,2026-08-04,2026-08-01
SHP-00001875,PRD-00049,WH-CENTRAL,2026-08-04,11,0,0,11,SHORT,,2026-08-01
SHP-00001895,PRD-00169,WH-CENTRAL,2026-08-04,20,88,68,0,READY,2026-08-04,2026-08-01
SHP-00002843,PRD-00096,WH-CENTRAL,2026-08-04,40,124,84,0,READY,2026-08-04,2026-08-01
SHP-00000359,PRD-00089,WH-EAST,2026-08-04,48,0,0,48,SHORT,,2026-08-01
SHP-00000721,PRD-00094,WH-EAST,2026-08-04,43,15,0,28,SHORT,,2026-08-01
SHP-00001070,PRD-00193,WH-EAST,2026-08-04,28,96,68,0,READY,2026-08-04,2026-08-01
SHP-00001120,PRD-00155,WH-EAST,2026-08-04,34,0,0,34,SHORT,,2026-08-01
SHP-00001633,PRD-00090,WH-EAST,2026-08-04,23,82,59,0,READY,2026-08-04,2026-08-01
SHP-00002386,PRD-00180,WH-WEST,2026-08-04,35,129,94,0,READY,2026-08-04,2026-08-01
SHP-00002657,PRD-00137,WH-WEST,2026-08-04,31,234,203,0,READY,2026-08-04,2026-08-01
SHP-00000968,PRD-00112,WH-CENTRAL,2026-08-05,35,314,279,0,READY,2026-08-05,2026-08-01
SHP-00001847,PRD-00128,WH-CENTRAL,2026-08-05,38,0,0,38,SHORT,,2026-08-01
SHP-00002184,PRD-00075,WH-CENTRAL,2026-08-05,7,0,0,7,SHORT,,2026-08-01
SHP-00002884,PRD-00143,WH-CENTRAL,2026-08-05,23,52,29,0,READY,2026-08-05,2026-08-01
SHP-00000516,PRD-00078,WH-EAST,2026-08-05,8,237,229,0,READY,2026-08-05,2026-08-01
SHP-00001455,PRD-00194,WH-EAST,2026-08-05,47,76,29,0,READY,2026-08-05,2026-08-01
SHP-00001613,PRD-00014,WH-EAST,2026-08-05,3,163,160,0,READY,2026-08-05,2026-08-01
SHP-00000064,PRD-00182,WH-WEST,2026-08-05,3,87,84,0,READY,2026-08-05,2026-08-01
SHP-00001678,PRD-00057,WH-WEST,2026-08-05,24,0,0,24,SHORT,,2026-08-01
SHP-00002821,PRD-00100,WH-WEST,2026-08-05,26,108,82,0,READY,2026-08-05,2026-08-01
SHP-00000919,PRD-00135,WH-CENTRAL,2026-08-06,41,202,161,0,READY,2026-08-06,2026-08-01
SHP-00000929,PRD-00030,WH-CENTRAL,2026-08-06,25,172,147,0,READY,2026-08-06,2026-08-01
SHP-00001185,PRD-00018,WH-CENTRAL,2026-08-06,43,28,0,15,SHORT,,2026-08-01
SHP-00002765,PRD-00109,WH-CENTRAL,2026-08-06,31,26,0,5,SHORT,,2026-08-01
SHP-00002977,PRD-00160,WH-CENTRAL,2026-08-06,11,228,217,0,READY,2026-08-06,2026-08-01
SHP-00002158,PRD-00198,WH-EAST,2026-08-06,28,52,24,0,READY,2026-08-06,2026-08-01
SHP-00002261,PRD-00161,WH-EAST,2026-08-06,31,34,3,0,AT_RISK,2026-08-06,2026-08-01
SHP-00001063,PRD-00115,WH-WEST,2026-08-06,28,0,0,28,WAITING_FOR_INBOUND,2026-10-26,2026-08-01
SHP-00000091,PRD-00052,WH-CENTRAL,2026-08-07,41,70,29,0,AT_RISK,2026-08-07,2026-08-01
SHP-00002411,PRD-00123,WH-CENTRAL,2026-08-07,47,120,73,0,READY,2026-08-07,2026-08-01
SHP-00002642,PRD-00005,WH-CENTRAL,2026-08-07,22,22,0,0,AT_RISK,2026-08-07,2026-08-01
SHP-00002923,PRD-00141,WH-CENTRAL,2026-08-07,7,162,155,0,READY,2026-08-07,2026-08-01
SHP-00000553,PRD-00076,WH-EAST,2026-08-07,48,144,96,0,READY,2026-08-07,2026-08-01
SHP-00002731,PRD-00187,WH-EAST,2026-08-07,9,124,115,0,READY,2026-08-07,2026-08-01
SHP-00000547,PRD-00162,WH-WEST,2026-08-07,15,81,66,0,READY,2026-08-07,2026-08-01
SHP-00000851,PRD-00072,WH-WEST,2026-08-07,36,100,64,0,READY,2026-08-07,2026-08-01
SHP-00000820,PRD-00040,WH-CENTRAL,2026-08-08,44,96,52,0,READY,2026-08-08,2026-08-01
SHP-00000844,PRD-00090,WH-CENTRAL,2026-08-08,34,0,0,34,SHORT,,2026-08-01
SHP-00000937,PRD-00125,WH-CENTRAL,2026-08-08,27,73,46,0,READY,2026-08-08,2026-08-01
SHP-00002817,PRD-00189,WH-CENTRAL,2026-08-08,47,0,0,47,WAITING_FOR_INBOUND,2026-08-11,2026-08-01
SHP-00000152,PRD-00018,WH-EAST,2026-08-08,6,0,0,6,WAITING_FOR_INBOUND,2026-08-14,2026-08-01
SHP-00000164,PRD-00142,WH-EAST,2026-08-08,12,113,101,0,READY,2026-08-08,2026-08-01
SHP-00001113,PRD-00015,WH-EAST,2026-08-08,15,101,86,0,READY,2026-08-08,2026-08-01
SHP-00000027,PRD-00053,WH-WEST,2026-08-08,39,283,244,0,READY,2026-08-08,2026-08-01
SHP-00000398,PRD-00080,WH-WEST,2026-08-08,5,164,159,0,READY,2026-08-08,2026-08-01
SHP-00000715,PRD-00128,WH-WEST,2026-08-08,42,120,78,0,READY,2026-08-08,2026-08-01
SHP-00002444,PRD-00083,WH-CENTRAL,2026-08-09,39,44,5,0,AT_RISK,2026-08-09,2026-08-01
SHP-00002622,PRD-00130,WH-CENTRAL,2026-08-09,32,64,32,0,READY,2026-08-09,2026-08-01
SHP-00002756,PRD-00060,WH-CENTRAL,2026-08-09,26,108,82,0,READY,2026-08-09,2026-08-01
SHP-00001510,PRD-00033,WH-EAST,2026-08-09,20,57,37,0,READY,2026-08-09,2026-08-01
SHP-00001820,PRD-00023,WH-CENTRAL,2026-08-10,24,0,0,24,WAITING_FOR_INBOUND,2026-09-24,2026-08-01
SHP-00002234,PRD-00026,WH-CENTRAL,2026-08-10,3,135,132,0,READY,2026-08-10,2026-08-01
SHP-00001126,PRD-00115,WH-EAST,2026-08-10,21,129,108,0,READY,2026-08-10,2026-08-01
SHP-00001160,PRD-00146,WH-EAST,2026-08-10,44,0,0,44,SHORT,,2026-08-01
SHP-00002307,PRD-00022,WH-EAST,2026-08-10,23,152,129,0,READY,2026-08-10,2026-08-01
SHP-00002019,PRD-00038,WH-WEST,2026-08-10,30,200,170,0,READY,2026-08-10,2026-08-01
SHP-00000257,PRD-00140,WH-EAST,2026-08-11,6,153,147,0,READY,2026-08-11,2026-08-01
SHP-00001962,PRD-00132,WH-EAST,2026-08-11,33,124,91,0,READY,2026-08-11,2026-08-01
SHP-00002216,PRD-00178,WH-EAST,2026-08-11,18,103,85,0,READY,2026-08-11,2026-08-01
SHP-00002292,PRD-00156,WH-EAST,2026-08-11,18,145,127,0,READY,2026-08-11,2026-08-01
SHP-00002406,PRD-00003,WH-EAST,2026-08-11,7,166,159,0,READY,2026-08-11,2026-08-01
SHP-00002471,PRD-00033,WH-EAST,2026-08-11,42,37,0,5,WAITING_FOR_INBOUND,2026-09-23,2026-08-01
SHP-00003065,PRD-00188,WH-EAST,2026-08-11,9,0,0,9,SHORT,,2026-08-01
SHP-00001528,PRD-00074,WH-WEST,2026-08-11,43,80,37,0,READY,2026-08-11,2026-08-01
SHP-00001997,PRD-00146,WH-WEST,2026-08-11,40,138,98,0,READY,2026-08-11,2026-08-01
SHP-00002022,PRD-00085,WH-WEST,2026-08-11,3,56,53,0,READY,2026-08-11,2026-08-01
SHP-00002442,PRD-00089,WH-WEST,2026-08-11,31,216,185,0,READY,2026-08-11,2026-08-01
SHP-00003123,PRD-00040,WH-WEST,2026-08-11,42,151,109,0,READY,2026-08-11,2026-08-01
SHP-00002602,PRD-00144,WH-CENTRAL,2026-08-12,48,34,0,14,SHORT,,2026-08-01
SHP-00002612,PRD-00084,WH-EAST,2026-08-12,6,93,87,0,READY,2026-08-12,2026-08-01
SHP-00000396,PRD-00181,WH-WEST,2026-08-12,5,55,50,0,READY,2026-08-12,2026-08-01
SHP-00001872,PRD-00077,WH-WEST,2026-08-12,22,211,189,0,READY,2026-08-12,2026-08-01
SHP-00002493,PRD-00140,WH-WEST,2026-08-12,10,95,85,0,READY,2026-08-12,2026-08-01
SHP-00000044,PRD-00047,WH-CENTRAL,2026-08-13,23,65,42,0,READY,2026-08-13,2026-08-01
SHP-00000730,PRD-00100,WH-EAST,2026-08-13,25,175,150,0,READY,2026-08-13,2026-08-01
SHP-00001293,PRD-00154,WH-EAST,2026-08-13,20,71,51,0,READY,2026-08-13,2026-08-01
SHP-00001634,PRD-00180,WH-WEST,2026-08-13,6,94,88,0,READY,2026-08-13,2026-08-01
SHP-00001151,PRD-00017,WH-CENTRAL,2026-08-14,20,49,29,0,READY,2026-08-14,2026-08-01
SHP-00002008,PRD-00178,WH-CENTRAL,2026-08-14,20,136,116,0,READY,2026-08-14,2026-08-01
SHP-00002380,PRD-00059,WH-CENTRAL,2026-08-14,17,128,111,0,READY,2026-08-14,2026-08-01
SHP-00002492,PRD-00060,WH-CENTRAL,2026-08-14,23,82,59,0,READY,2026-08-14,2026-08-01
SHP-00000350,PRD-00046,WH-EAST,2026-08-14,30,176,146,0,READY,2026-08-14,2026-08-01
SHP-00002615,PRD-00177,WH-EAST,2026-08-14,32,65,33,0,READY,2026-08-14,2026-08-01
SHP-00002683,PRD-00023,WH-EAST,2026-08-14,35,112,77,0,READY,2026-08-14,2026-08-01
SHP-00002941,PRD-00183,WH-EAST,2026-08-14,22,5,0,17,WAITING_FOR_INBOUND,2026-10-06,2026-08-01
SHP-00000305,PRD-00009,WH-WEST,2026-08-14,41,203,162,0,READY,2026-08-14,2026-08-01
SHP-00002600,PRD-00078,WH-WEST,2026-08-14,14,93,79,0,READY,2026-08-14,2026-08-01
SHP-00002936,PRD-00022,WH-WEST,2026-08-14,39,129,90,0,READY,2026-08-14,2026-08-01
SHP-00000963,PRD-00095,WH-CENTRAL,2026-08-15,3,139,136,0,READY,2026-08-15,2026-08-01
SHP-00001052,PRD-00067,WH-CENTRAL,2026-08-15,23,145,122,0,READY,2026-08-15,2026-08-01
SHP-00001403,PRD-00138,WH-CENTRAL,2026-08-15,14,152,138,0,READY,2026-08-15,2026-08-01
SHP-00001423,PRD-00195,WH-CENTRAL,2026-08-15,24,95,71,0,READY,2026-08-15,2026-08-01
SHP-00002680,PRD-00190,WH-CENTRAL,2026-08-15,9,79,70,0,READY,2026-08-15,2026-08-01
SHP-00000498,PRD-00075,WH-EAST,2026-08-15,4,80,76,0,READY,2026-08-15,2026-08-01
SHP-00001846,PRD-00143,WH-EAST,2026-08-15,32,0,0,32,SHORT,,2026-08-01
SHP-00001855,PRD-00127,WH-EAST,2026-08-15,39,204,165,0,READY,2026-08-15,2026-08-01
SHP-00002649,PRD-00147,WH-EAST,2026-08-15,14,53,39,0,READY,2026-08-15,2026-08-01
SHP-00000652,PRD-00001,WH-WEST,2026-08-15,24,149,125,0,READY,2026-08-15,2026-08-01
SHP-00001654,PRD-00150,WH-WEST,2026-08-15,36,143,107,0,READY,2026-08-15,2026-08-01
SHP-00002163,PRD-00159,WH-EAST,2026-08-16,6,160,154,0,READY,2026-08-16,2026-08-01
SHP-00001575,PRD-00199,WH-WEST,2026-08-16,15,139,124,0,READY,2026-08-16,2026-08-01
SHP-00002078,PRD-00030,WH-WEST,2026-08-16,28,176,148,0,READY,2026-08-16,2026-08-01
SHP-00000954,PRD-00156,WH-EAST,2026-08-17,42,127,85,0,READY,2026-08-17,2026-08-01
SHP-00002056,PRD-00097,WH-EAST,2026-08-17,41,67,26,0,AT_RISK,2026-08-17,2026-08-01
SHP-00000363,PRD-00009,WH-WEST,2026-08-17,25,162,137,0,READY,2026-08-17,2026-08-01
SHP-00001826,PRD-00061,WH-WEST,2026-08-17,42,0,0,42,SHORT,,2026-08-01
SHP-00001831,PRD-00198,WH-WEST,2026-08-17,34,169,135,0,READY,2026-08-17,2026-08-01
SHP-00002084,PRD-00176,WH-WEST,2026-08-17,25,158,133,0,READY,2026-08-17,2026-08-01
SHP-00002333,PRD-00181,WH-WEST,2026-08-17,39,50,11,0,READY,2026-08-17,2026-08-01
SHP-00002780,PRD-00199,WH-WEST,2026-08-17,42,124,82,0,READY,2026-08-17,2026-08-01
SHP-00000419,PRD-00102,WH-CENTRAL,2026-08-18,43,238,195,0,READY,2026-08-18,2026-08-01
SHP-00002388,PRD-00037,WH-CENTRAL,2026-08-18,11,106,95,0,READY,2026-08-18,2026-08-01
SHP-00001602,PRD-00123,WH-EAST,2026-08-18,3,240,237,0,READY,2026-08-18,2026-08-01
SHP-00000510,PRD-00182,WH-WEST,2026-08-18,23,84,61,0,READY,2026-08-18,2026-08-01
SHP-00001023,PRD-00159,WH-WEST,2026-08-18,47,103,56,0,READY,2026-08-18,2026-08-01
SHP-00002742,PRD-00022,WH-WEST,2026-08-18,3,99,96,0,READY,2026-08-18,2026-08-01
SHP-00000135,PRD-00132,WH-CENTRAL,2026-08-19,48,126,78,0,READY,2026-08-19,2026-08-01
SHP-00000227,PRD-00155,WH-CENTRAL,2026-08-19,13,226,213,0,READY,2026-08-19,2026-08-01
SHP-00000248,PRD-00039,WH-CENTRAL,2026-08-19,11,92,81,0,READY,2026-08-19,2026-08-01
SHP-00000421,PRD-00157,WH-CENTRAL,2026-08-19,14,18,4,0,AT_RISK,2026-08-19,2026-08-01
SHP-00000392,PRD-00075,WH-WEST,2026-08-19,47,183,136,0,READY,2026-08-19,2026-08-01
SHP-00001703,PRD-00191,WH-WEST,2026-08-19,6,121,115,0,READY,2026-08-19,2026-08-01
SHP-00001809,PRD-00081,WH-WEST,2026-08-19,45,166,121,0,READY,2026-08-19,2026-08-01
SHP-00000519,PRD-00200,WH-CENTRAL,2026-08-20,39,0,0,39,SHORT,,2026-08-01
SHP-00001256,PRD-00091,WH-EAST,2026-08-20,8,239,231,0,READY,2026-08-20,2026-08-01
SHP-00002403,PRD-00101,WH-EAST,2026-08-20,26,164,138,0,READY,2026-08-20,2026-08-01
SHP-00001340,PRD-00029,WH-WEST,2026-08-20,5,152,147,0,READY,2026-08-20,2026-08-01
SHP-00003036,PRD-00087,WH-WEST,2026-08-20,39,37,0,2,WAITING_FOR_INBOUND,2026-09-07,2026-08-01
SHP-00001600,PRD-00060,WH-CENTRAL,2026-08-21,9,59,50,0,READY,2026-08-21,2026-08-01
SHP-00000567,PRD-00153,WH-EAST,2026-08-21,46,191,145,0,READY,2026-08-21,2026-08-01
SHP-00002417,PRD-00123,WH-EAST,2026-08-21,41,237,196,0,READY,2026-08-21,2026-08-01
SHP-00003053,PRD-00153,WH-EAST,2026-08-21,8,145,137,0,READY,2026-08-21,2026-08-01
SHP-00000245,PRD-00047,WH-WEST,2026-08-21,35,163,128,0,READY,2026-08-21,2026-08-01
SHP-00001250,PRD-00061,WH-WEST,2026-08-21,33,0,0,33,SHORT,,2026-08-01
SHP-00001150,PRD-00058,WH-CENTRAL,2026-08-22,17,121,104,0,READY,2026-08-22,2026-08-01
SHP-00001221,PRD-00177,WH-CENTRAL,2026-08-22,25,93,68,0,READY,2026-08-22,2026-08-01
SHP-00002707,PRD-00054,WH-CENTRAL,2026-08-22,16,219,203,0,READY,2026-08-22,2026-08-01
SHP-00002069,PRD-00189,WH-EAST,2026-08-22,42,127,85,0,READY,2026-08-22,2026-08-01
SHP-00002296,PRD-00182,WH-EAST,2026-08-22,36,118,82,0,READY,2026-08-22,2026-08-01
SHP-00002809,PRD-00156,WH-EAST,2026-08-22,4,85,81,0,READY,2026-08-22,2026-08-01
SHP-00002637,PRD-00094,WH-WEST,2026-08-22,31,76,45,0,READY,2026-08-22,2026-08-01
SHP-00002764,PRD-00057,WH-WEST,2026-08-22,12,0,0,12,SHORT,,2026-08-01
SHP-00002081,PRD-00058,WH-CENTRAL,2026-08-23,35,104,69,0,READY,2026-08-23,2026-08-01
SHP-00002832,PRD-00106,WH-CENTRAL,2026-08-23,20,103,83,0,READY,2026-08-23,2026-08-01
SHP-00002082,PRD-00048,WH-EAST,2026-08-23,22,179,157,0,READY,2026-08-23,2026-08-01
SHP-00002419,PRD-00083,WH-EAST,2026-08-23,18,220,202,0,READY,2026-08-23,2026-08-01
SHP-00000846,PRD-00052,WH-WEST,2026-08-23,21,42,21,0,AT_RISK,2026-08-23,2026-08-01
SHP-00001745,PRD-00122,WH-WEST,2026-08-23,37,55,18,0,AT_RISK,2026-08-23,2026-08-01
SHP-00002467,PRD-00019,WH-WEST,2026-08-23,24,122,98,0,READY,2026-08-23,2026-08-01
SHP-00002990,PRD-00147,WH-WEST,2026-08-23,34,118,84,0,READY,2026-08-23,2026-08-01
SHP-00003092,PRD-00007,WH-WEST,2026-08-23,30,143,113,0,READY,2026-08-23,2026-08-01
SHP-00000887,PRD-00107,WH-CENTRAL,2026-08-24,22,178,156,0,READY,2026-08-24,2026-08-01
SHP-00001477,PRD-00117,WH-EAST,2026-08-24,48,127,79,0,READY,2026-08-24,2026-08-01
SHP-00002129,PRD-00138,WH-WEST,2026-08-24,13,135,122,0,READY,2026-08-24,2026-08-01
SHP-00001779,PRD-00062,WH-CENTRAL,2026-08-25,23,121,98,0,READY,2026-08-25,2026-08-01
SHP-00002532,PRD-00044,WH-CENTRAL,2026-08-25,15,67,52,0,READY,2026-08-25,2026-08-01
SHP-00000170,PRD-00075,WH-EAST,2026-08-25,36,76,40,0,READY,2026-08-25,2026-08-01
SHP-00000307,PRD-00058,WH-EAST,2026-08-25,3,57,54,0,READY,2026-08-25,2026-08-01
SHP-00002852,PRD-00131,WH-EAST,2026-08-25,26,149,123,0,READY,2026-08-25,2026-08-01
SHP-00000531,PRD-00006,WH-WEST,2026-08-25,9,35,26,0,AT_RISK,2026-08-25,2026-08-01
SHP-00001916,PRD-00004,WH-WEST,2026-08-25,24,140,116,0,READY,2026-08-25,2026-08-01
SHP-00000436,PRD-00005,WH-CENTRAL,2026-08-26,37,0,0,37,WAITING_FOR_INBOUND,2026-10-06,2026-08-01
SHP-00000974,PRD-00101,WH-CENTRAL,2026-08-26,42,143,101,0,READY,2026-08-26,2026-08-01
SHP-00001167,PRD-00200,WH-CENTRAL,2026-08-26,4,0,0,4,WAITING_FOR_INBOUND,2026-09-16,2026-08-01
SHP-00001432,PRD-00044,WH-CENTRAL,2026-08-26,46,52,6,0,AT_RISK,2026-08-26,2026-08-01
SHP-00001505,PRD-00171,WH-CENTRAL,2026-08-26,26,0,0,26,WAITING_FOR_INBOUND,2026-09-27,2026-08-01
SHP-00002748,PRD-00152,WH-CENTRAL,2026-08-26,29,195,166,0,READY,2026-08-26,2026-08-01
SHP-00002706,PRD-00058,WH-EAST,2026-08-26,31,54,23,0,READY,2026-08-26,2026-08-01
SHP-00000290,PRD-00076,WH-WEST,2026-08-26,43,57,14,0,READY,2026-08-26,2026-08-01
SHP-00001287,PRD-00069,WH-WEST,2026-08-26,19,203,184,0,READY,2026-08-26,2026-08-01
SHP-00001359,PRD-00067,WH-WEST,2026-08-26,26,255,229,0,READY,2026-08-26,2026-08-01
SHP-00002964,PRD-00180,WH-WEST,2026-08-26,26,88,62,0,READY,2026-08-26,2026-08-01
SHP-00000889,PRD-00001,WH-CENTRAL,2026-08-27,34,142,108,0,READY,2026-08-27,2026-08-01
SHP-00001832,PRD-00166,WH-CENTRAL,2026-08-27,40,0,0,40,SHORT,,2026-08-01
SHP-00002483,PRD-00142,WH-EAST,2026-08-27,38,121,83,0,READY,2026-08-27,2026-08-01
SHP-00002611,PRD-00076,WH-EAST,2026-08-27,5,96,91,0,READY,2026-08-27,2026-08-01
SHP-00002974,PRD-00012,WH-EAST,2026-08-27,15,243,228,0,READY,2026-08-27,2026-08-01
SHP-00000412,PRD-00101,WH-WEST,2026-08-27,43,155,112,0,READY,2026-08-27,2026-08-01
SHP-00001592,PRD-00055,WH-WEST,2026-08-27,13,134,121,0,READY,2026-08-27,2026-08-01
SHP-00002210,PRD-00082,WH-WEST,2026-08-27,31,61,30,0,AT_RISK,2026-08-27,2026-08-01
SHP-00002272,PRD-00196,WH-WEST,2026-08-27,40,104,64,0,READY,2026-08-27,2026-08-01
SHP-00002827,PRD-00027,WH-WEST,2026-08-27,31,169,138,0,READY,2026-08-27,2026-08-01
SHP-00000212,PRD-00126,WH-CENTRAL,2026-08-28,5,109,104,0,READY,2026-08-28,2026-08-01
SHP-00001215,PRD-00157,WH-CENTRAL,2026-08-28,23,4,0,19,SHORT,,2026-08-01
SHP-00002781,PRD-00028,WH-CENTRAL,2026-08-28,48,47,0,1,WAITING_FOR_INBOUND,2026-09-05,2026-08-01
SHP-00003066,PRD-00025,WH-CENTRAL,2026-08-28,29,124,95,0,READY,2026-08-28,2026-08-01
SHP-00001396,PRD-00013,WH-EAST,2026-08-28,46,56,10,0,AT_RISK,2026-08-28,2026-08-01
SHP-00002651,PRD-00115,WH-EAST,2026-08-28,44,108,64,0,READY,2026-08-28,2026-08-01
SHP-00002994,PRD-00041,WH-EAST,2026-08-28,3,142,139,0,READY,2026-08-28,2026-08-01
SHP-00000799,PRD-00007,WH-WEST,2026-08-28,26,113,87,0,READY,2026-08-28,2026-08-01
SHP-00001008,PRD-00135,WH-WEST,2026-08-28,16,74,58,0,READY,2026-08-28,2026-08-01
SHP-00001360,PRD-00103,WH-WEST,2026-08-28,18,187,169,0,READY,2026-08-28,2026-08-01
SHP-00001411,PRD-00139,WH-WEST,2026-08-28,34,124,90,0,READY,2026-08-28,2026-08-01
SHP-00001554,PRD-00073,WH-WEST,2026-08-28,18,188,170,0,READY,2026-08-28,2026-08-01
SHP-00001430,PRD-00076,WH-CENTRAL,2026-08-29,14,127,113,0,READY,2026-08-29,2026-08-01
SHP-00001584,PRD-00011,WH-CENTRAL,2026-08-29,14,65,51,0,READY,2026-08-29,2026-08-01
SHP-00001766,PRD-00177,WH-EAST,2026-08-29,42,33,0,9,SHORT,,2026-08-01
SHP-00001929,PRD-00017,WH-EAST,2026-08-29,23,223,200,0,READY,2026-08-29,2026-08-01
SHP-00000092,PRD-00071,WH-WEST,2026-08-29,40,115,75,0,READY,2026-08-29,2026-08-01
SHP-00000557,PRD-00063,WH-WEST,2026-08-29,27,0,0,27,SHORT,,2026-08-01
SHP-00002650,PRD-00017,WH-WEST,2026-08-29,32,228,196,0,READY,2026-08-29,2026-08-01
SHP-00000088,PRD-00155,WH-CENTRAL,2026-08-30,37,213,176,0,READY,2026-08-30,2026-08-01
SHP-00000703,PRD-00106,WH-EAST,2026-08-30,21,11,0,10,SHORT,,2026-08-01
SHP-00002127,PRD-00042,WH-EAST,2026-08-30,32,59,27,0,READY,2026-08-30,2026-08-01
SHP-00000828,PRD-00177,WH-WEST,2026-08-30,22,190,168,0,READY,2026-08-30,2026-08-01
SHP-00001524,PRD-00070,WH-WEST,2026-08-30,29,132,103,0,READY,2026-08-30,2026-08-01
SHP-00002429,PRD-00174,WH-WEST,2026-08-30,46,0,0,46,SHORT,,2026-08-01
SHP-00002798,PRD-00170,WH-WEST,2026-08-30,4,97,93,0,READY,2026-08-30,2026-08-01
SHP-00000030,PRD-00134,WH-EAST,2026-08-31,19,88,69,0,READY,2026-08-31,2026-08-01
SHP-00000681,PRD-00184,WH-EAST,2026-08-31,41,162,121,0,READY,2026-08-31,2026-08-01
SHP-00000909,PRD-00128,WH-EAST,2026-08-31,25,232,207,0,READY,2026-08-31,2026-08-01
SHP-00001668,PRD-00188,WH-EAST,2026-08-31,25,0,0,25,SHORT,,2026-08-01
SHP-00000936,PRD-00050,WH-WEST,2026-08-31,27,27,0,0,AT_RISK,2026-08-31,2026-08-01
SHP-00000132,PRD-00091,WH-CENTRAL,2026-09-01,28,2,0,26,SHORT,,2026-08-01
SHP-00001488,PRD-00084,WH-CENTRAL,2026-09-01,36,130,94,0,READY,2026-09-01,2026-08-01
SHP-00001881,PRD-00161,WH-CENTRAL,2026-09-01,45,210,165,0,READY,2026-09-01,2026-08-01
SHP-00003095,PRD-00162,WH-CENTRAL,2026-09-01,12,119,107,0,READY,2026-09-01,2026-08-01
SHP-00001084,PRD-00045,WH-EAST,2026-09-01,5,100,95,0,READY,2026-09-01,2026-08-01
SHP-00001472,PRD-00056,WH-EAST,2026-09-01,42,141,99,0,READY,2026-09-01,2026-08-01
SHP-00002138,PRD-00164,WH-EAST,2026-09-01,8,44,36,0,READY,2026-09-01,2026-08-01
SHP-00000654,PRD-00093,WH-WEST,2026-09-01,37,281,244,0,READY,2026-09-01,2026-08-01
SHP-00000678,PRD-00180,WH-WEST,2026-09-01,47,62,15,0,READY,2026-09-01,2026-08-01
SHP-00003025,PRD-00173,WH-WEST,2026-09-01,11,150,139,0,READY,2026-09-01,2026-08-01
SHP-00000863,PRD-00166,WH-CENTRAL,2026-09-02,21,0,0,21,SHORT,,2026-08-01
SHP-00000868,PRD-00149,WH-CENTRAL,2026-09-02,10,132,122,0,READY,2026-09-02,2026-08-01
SHP-00001282,PRD-00072,WH-CENTRAL,2026-09-02,13,177,164,0,READY,2026-09-02,2026-08-01
SHP-00001307,PRD-00042,WH-CENTRAL,2026-09-02,21,199,178,0,READY,2026-09-02,2026-08-01
SHP-00001341,PRD-00182,WH-CENTRAL,2026-09-02,48,137,89,0,READY,2026-09-02,2026-08-01
SHP-00002627,PRD-00091,WH-CENTRAL,2026-09-02,25,0,0,25,SHORT,,2026-08-01
SHP-00002836,PRD-00091,WH-CENTRAL,2026-09-02,23,0,0,23,SHORT,,2026-08-01
SHP-00000385,PRD-00028,WH-EAST,2026-09-02,10,104,94,0,READY,2026-09-02,2026-08-01
SHP-00002143,PRD-00024,WH-EAST,2026-09-02,29,30,1,0,AT_RISK,2026-09-02,2026-08-01
SHP-00002793,PRD-00152,WH-WEST,2026-09-02,18,168,150,0,READY,2026-09-02,2026-08-01
SHP-00000505,PRD-00160,WH-CENTRAL,2026-09-03,30,235,205,0,READY,2026-09-03,2026-08-01
SHP-00001681,PRD-00090,WH-CENTRAL,2026-09-03,5,0,0,5,WAITING_FOR_INBOUND,2026-09-25,2026-08-01
SHP-00002699,PRD-00004,WH-CENTRAL,2026-09-03,22,88,66,0,READY,2026-09-03,2026-08-01
SHP-00002826,PRD-00156,WH-EAST,2026-09-03,8,81,73,0,READY,2026-09-03,2026-08-01
SHP-00001295,PRD-00020,WH-WEST,2026-09-03,39,152,113,0,READY,2026-09-03,2026-08-01
SHP-00001783,PRD-00194,WH-WEST,2026-09-03,37,258,221,0,READY,2026-09-03,2026-08-01
SHP-00001503,PRD-00088,WH-EAST,2026-09-04,9,87,78,0,READY,2026-09-04,2026-08-01
SHP-00002404,PRD-00177,WH-WEST,2026-09-04,33,168,135,0,READY,2026-09-04,2026-08-01
SHP-00000946,PRD-00107,WH-CENTRAL,2026-09-05,39,156,117,0,READY,2026-09-05,2026-08-01
SHP-00001822,PRD-00194,WH-CENTRAL,2026-09-05,12,35,23,0,READY,2026-09-05,2026-08-01
SHP-00002094,PRD-00001,WH-CENTRAL,2026-09-05,23,108,85,0,READY,2026-09-05,2026-08-01
SHP-00002324,PRD-00115,WH-CENTRAL,2026-09-05,12,212,200,0,READY,2026-09-05,2026-08-01
SHP-00002501,PRD-00135,WH-CENTRAL,2026-09-05,5,161,156,0,READY,2026-09-05,2026-08-01
SHP-00001259,PRD-00081,WH-EAST,2026-09-05,43,163,120,0,READY,2026-09-05,2026-08-01
SHP-00002581,PRD-00076,WH-EAST,2026-09-05,7,91,84,0,READY,2026-09-05,2026-08-01
SHP-00001022,PRD-00176,WH-WEST,2026-09-05,37,133,96,0,READY,2026-09-05,2026-08-01
SHP-00001861,PRD-00151,WH-WEST,2026-09-05,11,0,0,11,SHORT,,2026-08-01
SHP-00000279,PRD-00038,WH-CENTRAL,2026-09-06,35,198,163,0,READY,2026-09-06,2026-08-01
SHP-00000973,PRD-00159,WH-CENTRAL,2026-09-06,13,159,146,0,READY,2026-09-06,2026-08-01
SHP-00001706,PRD-00067,WH-CENTRAL,2026-09-06,25,122,97,0,READY,2026-09-06,2026-08-01
SHP-00002738,PRD-00025,WH-CENTRAL,2026-09-06,38,95,57,0,READY,2026-09-06,2026-08-01
SHP-00002908,PRD-00030,WH-CENTRAL,2026-09-06,14,147,133,0,READY,2026-09-06,2026-08-01
SHP-00000792,PRD-00102,WH-EAST,2026-09-06,33,97,64,0,READY,2026-09-06,2026-08-01
SHP-00001047,PRD-00147,WH-EAST,2026-09-06,35,39,4,0,AT_RISK,2026-09-06,2026-08-01
SHP-00001308,PRD-00103,WH-EAST,2026-09-06,18,63,45,0,READY,2026-09-06,2026-08-01
SHP-00002074,PRD-00098,WH-EAST,2026-09-06,25,26,1,0,AT_RISK,2026-09-06,2026-08-01
SHP-00002400,PRD-00129,WH-EAST,2026-09-06,48,164,116,0,READY,2026-09-06,2026-08-01
SHP-00001348,PRD-00023,WH-WEST,2026-09-06,43,61,18,0,AT_RISK,2026-09-06,2026-08-01
SHP-00002205,PRD-00050,WH-WEST,2026-09-06,12,0,0,12,SHORT,,2026-08-01
SHP-00002241,PRD-00059,WH-WEST,2026-09-06,10,239,229,0,READY,2026-09-06,2026-08-01
SHP-00000423,PRD-00067,WH-CENTRAL,2026-09-07,23,97,74,0,READY,2026-09-07,2026-08-01
SHP-00000624,PRD-00071,WH-WEST,2026-09-07,18,75,57,0,READY,2026-09-07,2026-08-01
SHP-00001181,PRD-00156,WH-WEST,2026-09-07,45,184,139,0,READY,2026-09-07,2026-08-01
SHP-00002825,PRD-00191,WH-WEST,2026-09-07,44,115,71,0,READY,2026-09-07,2026-08-01
SHP-00002940,PRD-00191,WH-WEST,2026-09-07,24,71,47,0,READY,2026-09-07,2026-08-01
SHP-00002001,PRD-00037,WH-CENTRAL,2026-09-08,19,95,76,0,READY,2026-09-08,2026-08-01
SHP-00002792,PRD-00071,WH-CENTRAL,2026-09-08,17,146,129,0,READY,2026-09-08,2026-08-01
SHP-00001687,PRD-00081,WH-EAST,2026-09-08,19,120,101,0,READY,2026-09-08,2026-08-01
SHP-00000262,PRD-00089,WH-WEST,2026-09-08,35,228,193,0,READY,2026-09-08,2026-08-01
SHP-00000881,PRD-00120,WH-CENTRAL,2026-09-09,33,214,181,0,READY,2026-09-09,2026-08-01
SHP-00000755,PRD-00098,WH-EAST,2026-09-09,34,1,0,33,SHORT,,2026-08-01
SHP-00000756,PRD-00185,WH-EAST,2026-09-09,19,104,85,0,READY,2026-09-09,2026-08-01
SHP-00002583,PRD-00175,WH-EAST,2026-09-09,6,4,0,2,SHORT,,2026-08-01
SHP-00001593,PRD-00177,WH-WEST,2026-09-09,7,135,128,0,READY,2026-09-09,2026-08-01
SHP-00001943,PRD-00168,WH-WEST,2026-09-09,25,125,100,0,READY,2026-09-09,2026-08-01
SHP-00002041,PRD-00063,WH-WEST,2026-09-09,25,0,0,25,SHORT,,2026-08-01
SHP-00002162,PRD-00082,WH-WEST,2026-09-09,42,30,0,12,WAITING_FOR_INBOUND,2026-09-21,2026-08-01
SHP-00002254,PRD-00009,WH-WEST,2026-09-09,41,137,96,0,READY,2026-09-09,2026-08-01
SHP-00001267,PRD-00093,WH-CENTRAL,2026-09-10,11,86,75,0,READY,2026-09-10,2026-08-01
SHP-00001275,PRD-00138,WH-CENTRAL,2026-09-10,16,174,158,0,READY,2026-09-10,2026-08-01
SHP-00001727,PRD-00184,WH-CENTRAL,2026-09-10,5,317,312,0,READY,2026-09-10,2026-08-01
SHP-00002095,PRD-00103,WH-CENTRAL,2026-09-10,9,178,169,0,READY,2026-09-10,2026-08-01
SHP-00002423,PRD-00136,WH-CENTRAL,2026-09-10,16,205,189,0,READY,2026-09-10,2026-08-01
SHP-00003017,PRD-00161,WH-CENTRAL,2026-09-10,4,165,161,0,READY,2026-09-10,2026-08-01
SHP-00000449,PRD-00090,WH-EAST,2026-09-10,37,59,22,0,AT_RISK,2026-09-10,2026-08-01
SHP-00000313,PRD-00105,WH-WEST,2026-09-10,4,331,327,0,READY,2026-09-10,2026-08-01
SHP-00000698,PRD-00087,WH-CENTRAL,2026-09-11,46,107,61,0,READY,2026-09-11,2026-08-01
SHP-00000748,PRD-00076,WH-CENTRAL,2026-09-11,23,113,90,0,READY,2026-09-11,2026-08-01
SHP-00001736,PRD-00024,WH-CENTRAL,2026-09-11,15,87,72,0,READY,2026-09-11,2026-08-01
SHP-00000142,PRD-00086,WH-WEST,2026-09-11,25,200,175,0,READY,2026-09-11,2026-08-01
SHP-00002359,PRD-00034,WH-WEST,2026-09-11,30,109,79,0,READY,2026-09-11,2026-08-01
SHP-00000127,PRD-00121,WH-CENTRAL,2026-09-12,5,147,142,0,READY,2026-09-12,2026-08-01
SHP-00001347,PRD-00088,WH-CENTRAL,2026-09-12,4,111,107,0,READY,2026-09-12,2026-08-01
SHP-00002853,PRD-00035,WH-CENTRAL,2026-09-12,43,270,227,0,READY,2026-09-12,2026-08-01
SHP-00000450,PRD-00094,WH-EAST,2026-09-12,15,0,0,15,SHORT,,2026-08-01
SHP-00000850,PRD-00171,WH-EAST,2026-09-12,26,101,75,0,READY,2026-09-12,2026-08-01
SHP-00000107,PRD-00060,WH-WEST,2026-09-12,9,205,196,0,READY,2026-09-12,2026-08-01
SHP-00000571,PRD-00115,WH-WEST,2026-09-12,14,22,8,0,AT_RISK,2026-09-12,2026-08-01
SHP-00002319,PRD-00098,WH-WEST,2026-09-12,18,194,176,0,READY,2026-09-12,2026-08-01
SHP-00001330,PRD-00188,WH-CENTRAL,2026-09-13,34,1,0,33,WAITING_FOR_INBOUND,2026-09-23,2026-08-01
SHP-00002741,PRD-00015,WH-CENTRAL,2026-09-13,48,126,78,0,READY,2026-09-13,2026-08-01
SHP-00001145,PRD-00106,WH-WEST,2026-09-13,11,65,54,0,READY,2026-09-13,2026-08-01
SHP-00001719,PRD-00135,WH-WEST,2026-09-13,23,58,35,0,READY,2026-09-13,2026-08-01
SHP-00002266,PRD-00017,WH-WEST,2026-09-13,30,196,166,0,READY,2026-09-13,2026-08-01
SHP-00000182,PRD-00159,WH-CENTRAL,2026-09-14,5,146,141,0,READY,2026-09-14,2026-08-01
SHP-00001884,PRD-00069,WH-CENTRAL,2026-09-14,48,43,0,5,WAITING_FOR_INBOUND,2026-09-23,2026-08-01
SHP-00000530,PRD-00180,WH-EAST,2026-09-14,39,168,129,0,READY,2026-09-14,2026-08-01
SHP-00000760,PRD-00123,WH-EAST,2026-09-14,17,196,179,0,READY,2026-09-14,2026-08-01
SHP-00002568,PRD-00194,WH-EAST,2026-09-14,36,29,0,7,WAITING_FOR_INBOUND,2026-10-01,2026-08-01
SHP-00000078,PRD-00099,WH-WEST,2026-09-14,23,3,0,20,WAITING_FOR_INBOUND,2026-09-21,2026-08-01
SHP-00000123,PRD-00061,WH-WEST,2026-09-14,11,0,0,11,WAITING_FOR_INBOUND,2026-09-25,2026-08-01
SHP-00002204,PRD-00021,WH-WEST,2026-09-14,5,112,107,0,READY,2026-09-14,2026-08-01
SHP-00000713,PRD-00116,WH-CENTRAL,2026-09-15,36,83,47,0,READY,2026-09-15,2026-08-01
SHP-00001834,PRD-00044,WH-EAST,2026-09-15,8,238,230,0,READY,2026-09-15,2026-08-01
SHP-00000121,PRD-00133,WH-WEST,2026-09-15,27,254,227,0,READY,2026-09-15,2026-08-01
SHP-00002783,PRD-00169,WH-WEST,2026-09-15,29,23,0,6,WAITING_FOR_INBOUND,2026-10-23,2026-08-01
SHP-00000116,PRD-00182,WH-CENTRAL,2026-09-16,6,89,83,0,READY,2026-09-16,2026-08-01
SHP-00001729,PRD-00069,WH-CENTRAL,2026-09-16,4,0,0,4,WAITING_FOR_INBOUND,2026-09-23,2026-08-01
SHP-00002315,PRD-00154,WH-EAST,2026-09-16,37,51,14,0,AT_RISK,2026-09-16,2026-08-01
SHP-00001019,PRD-00120,WH-WEST,2026-09-16,46,138,92,0,READY,2026-09-16,2026-08-01
SHP-00002841,PRD-00070,WH-WEST,2026-09-16,21,156,135,0,READY,2026-09-16,2026-08-01
SHP-00001416,PRD-00068,WH-CENTRAL,2026-09-17,26,92,66,0,READY,2026-09-17,2026-08-01
SHP-00001280,PRD-00103,WH-EAST,2026-09-17,5,45,40,0,READY,2026-09-17,2026-08-01
SHP-00002446,PRD-00027,WH-EAST,2026-09-17,43,229,186,0,READY,2026-09-17,2026-08-01
SHP-00001939,PRD-00024,WH-WEST,2026-09-17,25,187,162,0,READY,2026-09-17,2026-08-01
SHP-00002667,PRD-00180,WH-WEST,2026-09-17,48,15,0,33,SHORT,,2026-08-01
SHP-00002984,PRD-00078,WH-CENTRAL,2026-09-18,7,54,47,0,READY,2026-09-18,2026-08-01
SHP-00003021,PRD-00159,WH-CENTRAL,2026-09-18,46,141,95,0,READY,2026-09-18,2026-08-01
SHP-00000904,PRD-00042,WH-EAST,2026-09-18,23,27,4,0,AT_RISK,2026-09-18,2026-08-01
SHP-00002476,PRD-00033,WH-EAST,2026-09-18,21,0,0,21,WAITING_FOR_INBOUND,2026-09-23,2026-08-01
SHP-00000150,PRD-00141,WH-WEST,2026-09-18,41,7,0,34,WAITING_FOR_INBOUND,2026-10-06,2026-08-01
SHP-00000848,PRD-00108,WH-WEST,2026-09-18,4,139,135,0,READY,2026-09-18,2026-08-01
SHP-00001103,PRD-00038,WH-WEST,2026-09-18,29,170,141,0,READY,2026-09-18,2026-08-01
SHP-00001585,PRD-00030,WH-WEST,2026-09-18,47,148,101,0,READY,2026-09-18,2026-08-01
SHP-00002109,PRD-00075,WH-WEST,2026-09-18,36,136,100,0,READY,2026-09-18,2026-08-01
SHP-00003075,PRD-00018,WH-CENTRAL,2026-09-19,20,0,0,20,SHORT,,2026-08-01
SHP-00000195,PRD-00186,WH-EAST,2026-09-19,31,193,162,0,READY,2026-09-19,2026-08-01
SHP-00001843,PRD-00188,WH-EAST,2026-09-19,10,0,0,10,SHORT,,2026-08-01
SHP-00002608,PRD-00180,WH-EAST,2026-09-19,6,129,123,0,READY,2026-09-19,2026-08-01
SHP-00002912,PRD-00005,WH-EAST,2026-09-19,34,83,49,0,READY,2026-09-19,2026-08-01
SHP-00000394,PRD-00088,WH-WEST,2026-09-19,37,88,51,0,READY,2026-09-19,2026-08-01
SHP-00001652,PRD-00157,WH-WEST,2026-09-19,33,34,1,0,AT_RISK,2026-09-19,2026-08-01
SHP-00002279,PRD-00077,WH-WEST,2026-09-19,12,231,219,0,READY,2026-09-19,2026-08-01
SHP-00000266,PRD-00109,WH-CENTRAL,2026-09-20,20,0,0,20,SHORT,,2026-08-01
SHP-00001675,PRD-00002,WH-CENTRAL,2026-09-20,23,117,94,0,READY,2026-09-20,2026-08-01
SHP-00002007,PRD-00175,WH-CENTRAL,2026-09-20,18,79,61,0,READY,2026-09-20,2026-08-01
SHP-00002175,PRD-00007,WH-CENTRAL,2026-09-20,33,80,47,0,READY,2026-09-20,2026-08-01
SHP-00000154,PRD-00058,WH-EAST,2026-09-20,44,23,0,21,SHORT,,2026-08-01
SHP-00000228,PRD-00027,WH-EAST,2026-09-20,9,186,177,0,READY,2026-09-20,2026-08-01
SHP-00001482,PRD-00048,WH-EAST,2026-09-20,10,189,179,0,READY,2026-09-20,2026-08-01
SHP-00001147,PRD-00184,WH-CENTRAL,2026-09-21,17,312,295,0,READY,2026-09-21,2026-08-01
SHP-00001044,PRD-00077,WH-EAST,2026-09-21,47,90,43,0,READY,2026-09-21,2026-08-01
SHP-00001218,PRD-00057,WH-EAST,2026-09-21,46,106,60,0,READY,2026-09-21,2026-08-01
SHP-00001722,PRD-00104,WH-EAST,2026-09-21,31,129,98,0,READY,2026-09-21,2026-08-01
SHP-00002199,PRD-00143,WH-EAST,2026-09-21,6,0,0,6,SHORT,,2026-08-01
SHP-00002508,PRD-00007,WH-EAST,2026-09-21,23,66,43,0,READY,2026-09-21,2026-08-01
SHP-00002932,PRD-00158,WH-EAST,2026-09-21,14,245,231,0,READY,2026-09-21,2026-08-01
SHP-00000520,PRD-00152,WH-CENTRAL,2026-09-22,12,166,154,0,READY,2026-09-22,2026-08-01
SHP-00001460,PRD-00069,WH-CENTRAL,2026-09-22,12,0,0,12,WAITING_FOR_INBOUND,2026-09-23,2026-08-01
SHP-00000093,PRD-00167,WH-EAST,2026-09-22,17,68,51,0,READY,2026-09-22,2026-08-01
SHP-00000588,PRD-00080,WH-EAST,2026-09-22,31,21,0,10,SHORT,,2026-08-01
SHP-00002962,PRD-00135,WH-EAST,2026-09-22,44,181,137,0,READY,2026-09-22,2026-08-01
SHP-00000962,PRD-00111,WH-EAST,2026-09-23,43,125,82,0,READY,2026-09-23,2026-08-01
SHP-00000061,PRD-00109,WH-WEST,2026-09-23,46,49,3,0,AT_RISK,2026-09-23,2026-08-01
SHP-00001358,PRD-00074,WH-WEST,2026-09-23,33,37,4,0,AT_RISK,2026-09-23,2026-08-01
SHP-00002171,PRD-00135,WH-WEST,2026-09-23,5,35,30,0,READY,2026-09-23,2026-08-01
SHP-00002474,PRD-00194,WH-WEST,2026-09-23,11,221,210,0,READY,2026-09-23,2026-08-01
SHP-00002851,PRD-00109,WH-WEST,2026-09-23,27,3,0,24,SHORT,,2026-08-01
SHP-00001630,PRD-00129,WH-CENTRAL,2026-09-24,42,89,47,0,READY,2026-09-24,2026-08-01
SHP-00000890,PRD-00170,WH-EAST,2026-09-24,29,78,49,0,READY,2026-09-24,2026-08-01
SHP-00000945,PRD-00153,WH-EAST,2026-09-24,30,157,127,0,READY,2026-09-24,2026-08-01
SHP-00001646,PRD-00146,WH-EAST,2026-09-24,18,0,0,18,SHORT,,2026-08-01
SHP-00001844,PRD-00096,WH-EAST,2026-09-24,41,170,129,0,READY,2026-09-24,2026-08-01
SHP-00002886,PRD-00182,WH-EAST,2026-09-24,29,96,67,0,READY,2026-09-24,2026-08-01
SHP-00001887,PRD-00080,WH-CENTRAL,2026-09-25,17,171,154,0,READY,2026-09-25,2026-08-01
SHP-00000351,PRD-00143,WH-EAST,2026-09-25,3,0,0,3,SHORT,,2026-08-01
SHP-00002265,PRD-00197,WH-EAST,2026-09-25,43,191,148,0,READY,2026-09-25,2026-08-01
SHP-00001931,PRD-00128,WH-WEST,2026-09-25,26,98,72,0,READY,2026-09-25,2026-08-01
SHP-00002892,PRD-00006,WH-WEST,2026-09-25,9,26,17,0,AT_RISK,2026-09-25,2026-08-01
SHP-00000809,PRD-00200,WH-CENTRAL,2026-09-26,45,28,0,17,WAITING_FOR_INBOUND,2026-10-17,2026-08-01
SHP-00001278,PRD-00177,WH-CENTRAL,2026-09-26,8,123,115,0,READY,2026-09-26,2026-08-01
SHP-00003026,PRD-00087,WH-CENTRAL,2026-09-26,42,61,19,0,AT_RISK,2026-09-26,2026-08-01
SHP-00001493,PRD-00145,WH-EAST,2026-09-26,4,38,34,0,READY,2026-09-26,2026-08-01
SHP-00002208,PRD-00099,WH-EAST,2026-09-26,44,198,154,0,READY,2026-09-26,2026-08-01
SHP-00000367,PRD-00184,WH-WEST,2026-09-26,38,88,50,0,READY,2026-09-26,2026-08-01
SHP-00000623,PRD-00108,WH-WEST,2026-09-26,9,135,126,0,READY,2026-09-26,2026-08-01
SHP-00000934,PRD-00143,WH-WEST,2026-09-26,19,73,54,0,READY,2026-09-26,2026-08-01
SHP-00001463,PRD-00020,WH-WEST,2026-09-26,41,126,85,0,READY,2026-09-26,2026-08-01
SHP-00001671,PRD-00125,WH-WEST,2026-09-26,46,188,142,0,READY,2026-09-26,2026-08-01
SHP-00002664,PRD-00066,WH-WEST,2026-09-26,47,21,0,26,SHORT,,2026-08-01
SHP-00003097,PRD-00103,WH-CENTRAL,2026-09-27,34,169,135,0,READY,2026-09-27,2026-08-01
SHP-00000608,PRD-00187,WH-EAST,2026-09-27,42,115,73,0,READY,2026-09-27,2026-08-01
SHP-00000704,PRD-00007,WH-EAST,2026-09-27,42,43,1,0,AT_RISK,2026-09-27,2026-08-01
SHP-00000103,PRD-00069,WH-WEST,2026-09-27,9,184,175,0,READY,2026-09-27,2026-08-01
SHP-00002647,PRD-00147,WH-WEST,2026-09-27,34,84,50,0,READY,2026-09-27,2026-08-01
SHP-00001802,PRD-00195,WH-CENTRAL,2026-09-28,37,71,34,0,READY,2026-09-28,2026-08-01
SHP-00000589,PRD-00002,WH-EAST,2026-09-28,5,187,182,0,READY,2026-09-28,2026-08-01
SHP-00001521,PRD-00152,WH-EAST,2026-09-28,7,224,217,0,READY,2026-09-28,2026-08-01
SHP-00002203,PRD-00186,WH-EAST,2026-09-28,9,162,153,0,READY,2026-09-28,2026-08-01
SHP-00003039,PRD-00155,WH-EAST,2026-09-28,7,22,15,0,AT_RISK,2026-09-28,2026-08-01
SHP-00000097,PRD-00160,WH-WEST,2026-09-28,44,124,80,0,READY,2026-09-28,2026-08-01
SHP-00003121,PRD-00063,WH-WEST,2026-09-28,37,0,0,37,SHORT,,2026-08-01
SHP-00000283,PRD-00029,WH-CENTRAL,2026-09-29,44,68,24,0,READY,2026-09-29,2026-08-01
SHP-00000649,PRD-00072,WH-CENTRAL,2026-09-29,19,164,145,0,READY,2026-09-29,2026-08-01
SHP-00000709,PRD-00108,WH-CENTRAL,2026-09-29,28,25,0,3,WAITING_FOR_INBOUND,2026-10-07,2026-08-01
SHP-00000742,PRD-00146,WH-CENTRAL,2026-09-29,4,0,0,4,WAITING_FOR_INBOUND,2026-10-02,2026-08-01
SHP-00002566,PRD-00147,WH-CENTRAL,2026-09-29,37,126,89,0,READY,2026-09-29,2026-08-01
SHP-00002935,PRD-00015,WH-CENTRAL,2026-09-29,26,78,52,0,READY,2026-09-29,2026-08-01
SHP-00000878,PRD-00070,WH-EAST,2026-09-29,43,11,0,32,SHORT,,2026-08-01
SHP-00001856,PRD-00142,WH-WEST,2026-09-29,35,0,0,35,SHORT,,2026-08-01
SHP-00001992,PRD-00070,WH-WEST,2026-09-29,6,135,129,0,READY,2026-09-29,2026-08-01
SHP-00002381,PRD-00114,WH-WEST,2026-09-29,28,46,18,0,AT_RISK,2026-09-29,2026-08-01
SHP-00002302,PRD-00172,WH-CENTRAL,2026-09-30,6,144,138,0,READY,2026-09-30,2026-08-01
SHP-00002046,PRD-00056,WH-EAST,2026-09-30,12,99,87,0,READY,2026-09-30,2026-08-01
SHP-00000717,PRD-00094,WH-WEST,2026-09-30,27,45,18,0,AT_RISK,2026-09-30,2026-08-01
SHP-00000931,PRD-00193,WH-WEST,2026-09-30,45,105,60,0,READY,2026-09-30,2026-08-01
SHP-00001771,PRD-00044,WH-WEST,2026-09-30,30,94,64,0,READY,2026-09-30,2026-08-01
SHP-00002797,PRD-00109,WH-WEST,2026-09-30,35,0,0,35,SHORT,,2026-08-01
SHP-00000390,PRD-00163,WH-CENTRAL,2026-10-01,13,96,83,0,READY,2026-10-01,2026-08-01
SHP-00000433,PRD-00154,WH-CENTRAL,2026-10-01,42,227,185,0,READY,2026-10-01,2026-08-01
SHP-00001467,PRD-00169,WH-CENTRAL,2026-10-01,16,82,66,0,READY,2026-10-01,2026-08-01
SHP-00001878,PRD-00122,WH-CENTRAL,2026-10-01,7,236,229,0,READY,2026-10-01,2026-08-01
SHP-00000912,PRD-00037,WH-EAST,2026-10-01,18,91,73,0,READY,2026-10-01,2026-08-01
SHP-00002090,PRD-00108,WH-EAST,2026-10-01,23,51,28,0,READY,2026-10-01,2026-08-01
SHP-00002329,PRD-00007,WH-EAST,2026-10-01,15,1,0,14,SHORT,,2026-08-01
SHP-00000606,PRD-00063,WH-WEST,2026-10-01,36,0,0,36,SHORT,,2026-08-01
SHP-00002355,PRD-00198,WH-WEST,2026-10-01,41,216,175,0,READY,2026-10-01,2026-08-01
SHP-00000215,PRD-00134,WH-CENTRAL,2026-10-02,14,299,285,0,READY,2026-10-02,2026-08-01
SHP-00001361,PRD-00105,WH-CENTRAL,2026-10-02,22,224,202,0,READY,2026-10-02,2026-08-01
SHP-00001851,PRD-00007,WH-CENTRAL,2026-10-02,25,47,22,0,READY,2026-10-02,2026-08-01
SHP-00002846,PRD-00091,WH-CENTRAL,2026-10-02,21,0,0,21,SHORT,,2026-08-01
SHP-00000171,PRD-00151,WH-WEST,2026-10-02,26,0,0,26,SHORT,,2026-08-01
SHP-00001660,PRD-00053,WH-WEST,2026-10-02,16,274,258,0,READY,2026-10-02,2026-08-01
SHP-00002028,PRD-00155,WH-WEST,2026-10-02,16,238,222,0,READY,2026-10-02,2026-08-01
SHP-00002194,PRD-00132,WH-WEST,2026-10-02,8,34,26,0,AT_RISK,2026-10-02,2026-08-01
SHP-00001165,PRD-00059,WH-CENTRAL,2026-10-03,14,147,133,0,READY,2026-10-03,2026-08-01
SHP-00001336,PRD-00054,WH-CENTRAL,2026-10-03,16,203,187,0,READY,2026-10-03,2026-08-01
SHP-00001991,PRD-00007,WH-CENTRAL,2026-10-03,44,22,0,22,SHORT,,2026-08-01
SHP-00002694,PRD-00024,WH-CENTRAL,2026-10-03,10,72,62,0,READY,2026-10-03,2026-08-01
SHP-00002867,PRD-00106,WH-CENTRAL,2026-10-03,20,83,63,0,READY,2026-10-03,2026-08-01
SHP-00000472,PRD-00157,WH-EAST,2026-10-03,8,175,167,0,READY,2026-10-03,2026-08-01
SHP-00000892,PRD-00096,WH-EAST,2026-10-03,22,129,107,0,READY,2026-10-03,2026-08-01
SHP-00000971,PRD-00161,WH-EAST,2026-10-03,35,85,50,0,READY,2026-10-03,2026-08-01
SHP-00001109,PRD-00117,WH-EAST,2026-10-03,41,79,38,0,READY,2026-10-03,2026-08-01
SHP-00002485,PRD-00003,WH-EAST,2026-10-03,24,216,192,0,READY,2026-10-03,2026-08-01
SHP-00002553,PRD-00042,WH-CENTRAL,2026-10-04,44,178,134,0,READY,2026-10-04,2026-08-01
SHP-00002676,PRD-00125,WH-CENTRAL,2026-10-04,46,80,34,0,READY,2026-10-04,2026-08-01
SHP-00003020,PRD-00181,WH-CENTRAL,2026-10-04,23,130,107,0,READY,2026-10-04,2026-08-01
SHP-00002045,PRD-00030,WH-EAST,2026-10-04,34,113,79,0,READY,2026-10-04,2026-08-01
SHP-00002152,PRD-00116,WH-EAST,2026-10-04,28,68,40,0,READY,2026-10-04,2026-08-01
SHP-00001578,PRD-00038,WH-WEST,2026-10-04,41,141,100,0,READY,2026-10-04,2026-08-01
SHP-00001643,PRD-00177,WH-WEST,2026-10-04,7,128,121,0,READY,2026-10-04,2026-08-01
SHP-00000751,PRD-00049,WH-CENTRAL,2026-10-05,35,10,0,25,WAITING_FOR_INBOUND,2026-10-17,2026-08-01
SHP-00002313,PRD-00160,WH-CENTRAL,2026-10-05,8,205,197,0,READY,2026-10-05,2026-08-01
SHP-00001192,PRD-00114,WH-EAST,2026-10-05,34,120,86,0,READY,2026-10-05,2026-08-01
SHP-00000980,PRD-00042,WH-WEST,2026-10-05,15,89,74,0,READY,2026-10-05,2026-08-01
SHP-00001040,PRD-00065,WH-WEST,2026-10-05,35,185,150,0,READY,2026-10-05,2026-08-01
SHP-00002767,PRD-00114,WH-WEST,2026-10-05,5,18,13,0,AT_RISK,2026-10-05,2026-08-01
SHP-00001518,PRD-00111,WH-CENTRAL,2026-10-06,9,73,64,0,READY,2026-10-06,2026-08-01
SHP-00001334,PRD-00064,WH-EAST,2026-10-06,20,157,137,0,READY,2026-10-06,2026-08-01
SHP-00002913,PRD-00097,WH-EAST,2026-10-06,40,26,0,14,SHORT,,2026-08-01
SHP-00001186,PRD-00079,WH-WEST,2026-10-06,4,215,211,0,READY,2026-10-06,2026-08-01
SHP-00001320,PRD-00122,WH-WEST,2026-10-06,34,46,12,0,AT_RISK,2026-10-06,2026-08-01
SHP-00001410,PRD-00120,WH-CENTRAL,2026-10-07,29,181,152,0,READY,2026-10-07,2026-08-01
SHP-00001452,PRD-00016,WH-CENTRAL,2026-10-07,26,214,188,0,READY,2026-10-07,2026-08-01
SHP-00002114,PRD-00177,WH-CENTRAL,2026-10-07,11,115,104,0,READY,2026-10-07,2026-08-01
SHP-00002504,PRD-00156,WH-CENTRAL,2026-10-07,27,36,9,0,AT_RISK,2026-10-07,2026-08-01
SHP-00000181,PRD-00012,WH-EAST,2026-10-07,34,268,234,0,READY,2026-10-07,2026-08-01
SHP-00001375,PRD-00187,WH-EAST,2026-10-07,36,73,37,0,READY,2026-10-07,2026-08-01
SHP-00001573,PRD-00045,WH-EAST,2026-10-07,21,95,74,0,READY,2026-10-07,2026-08-01
SHP-00002714,PRD-00119,WH-EAST,2026-10-07,26,143,117,0,READY,2026-10-07,2026-08-01
SHP-00002854,PRD-00189,WH-EAST,2026-10-07,45,85,40,0,READY,2026-10-07,2026-08-01
SHP-00001072,PRD-00184,WH-WEST,2026-10-07,44,50,6,0,AT_RISK,2026-10-07,2026-08-01
SHP-00002035,PRD-00126,WH-WEST,2026-10-07,31,177,146,0,READY,2026-10-07,2026-08-01
SHP-00002051,PRD-00031,WH-WEST,2026-10-07,28,0,0,28,SHORT,,2026-08-01
SHP-00000576,PRD-00193,WH-CENTRAL,2026-10-08,40,153,113,0,READY,2026-10-08,2026-08-01
SHP-00000896,PRD-00198,WH-CENTRAL,2026-10-08,4,80,76,0,READY,2026-10-08,2026-08-01
SHP-00001702,PRD-00038,WH-CENTRAL,2026-10-08,20,163,143,0,READY,2026-10-08,2026-08-01
SHP-00001828,PRD-00080,WH-CENTRAL,2026-10-08,14,154,140,0,READY,2026-10-08,2026-08-01
SHP-00000796,PRD-00001,WH-EAST,2026-10-08,14,126,112,0,READY,2026-10-08,2026-08-01
SHP-00002806,PRD-00046,WH-EAST,2026-10-08,7,146,139,0,READY,2026-10-08,2026-08-01
SHP-00000430,PRD-00138,WH-WEST,2026-10-08,46,122,76,0,READY,2026-10-08,2026-08-01
SHP-00002128,PRD-00139,WH-WEST,2026-10-08,48,134,86,0,READY,2026-10-08,2026-08-01
SHP-00000560,PRD-00182,WH-CENTRAL,2026-10-09,36,83,47,0,READY,2026-10-09,2026-08-01
SHP-00000866,PRD-00120,WH-CENTRAL,2026-10-09,43,152,109,0,READY,2026-10-09,2026-08-01
SHP-00001673,PRD-00084,WH-CENTRAL,2026-10-09,16,94,78,0,READY,2026-10-09,2026-08-01
SHP-00001860,PRD-00005,WH-CENTRAL,2026-10-09,34,43,9,0,AT_RISK,2026-10-09,2026-08-01
SHP-00002043,PRD-00078,WH-CENTRAL,2026-10-09,40,47,7,0,AT_RISK,2026-10-09,2026-08-01
SHP-00002345,PRD-00188,WH-CENTRAL,2026-10-09,45,41,0,4,WAITING_FOR_INBOUND,2026-10-12,2026-08-01
SHP-00002572,PRD-00063,WH-CENTRAL,2026-10-09,39,112,73,0,READY,2026-10-09,2026-08-01
SHP-00001568,PRD-00198,WH-EAST,2026-10-09,25,24,0,1,WAITING_FOR_INBOUND,2026-10-16,2026-08-01
SHP-00000040,PRD-00185,WH-WEST,2026-10-09,8,149,141,0,READY,2026-10-09,2026-08-01
SHP-00000758,PRD-00006,WH-CENTRAL,2026-10-10,6,127,121,0,READY,2026-10-10,2026-08-01
SHP-00001421,PRD-00171,WH-CENTRAL,2026-10-10,25,34,9,0,AT_RISK,2026-10-10,2026-08-01
SHP-00002064,PRD-00116,WH-CENTRAL,2026-10-10,45,65,20,0,READY,2026-10-10,2026-08-01
SHP-00002311,PRD-00007,WH-CENTRAL,2026-10-10,42,0,0,42,SHORT,,2026-08-01
SHP-00002461,PRD-00159,WH-CENTRAL,2026-10-10,31,95,64,0,READY,2026-10-10,2026-08-01
SHP-00002539,PRD-00171,WH-CENTRAL,2026-10-10,22,9,0,13,SHORT,,2026-08-01
SHP-00003119,PRD-00152,WH-CENTRAL,2026-10-10,21,154,133,0,READY,2026-10-10,2026-08-01
SHP-00000025,PRD-00105,WH-EAST,2026-10-10,21,46,25,0,READY,2026-10-10,2026-08-01
SHP-00000162,PRD-00101,WH-EAST,2026-10-10,36,159,123,0,READY,2026-10-10,2026-08-01
SHP-00001350,PRD-00199,WH-EAST,2026-10-10,38,148,110,0,READY,2026-10-10,2026-08-01
SHP-00001893,PRD-00141,WH-EAST,2026-10-10,39,193,154,0,READY,2026-10-10,2026-08-01
SHP-00003122,PRD-00139,WH-EAST,2026-10-10,25,289,264,0,READY,2026-10-10,2026-08-01
SHP-00001387,PRD-00148,WH-WEST,2026-10-10,39,121,82,0,READY,2026-10-10,2026-08-01
SHP-00001547,PRD-00160,WH-CENTRAL,2026-10-11,16,197,181,0,READY,2026-10-11,2026-08-01
SHP-00001608,PRD-00102,WH-CENTRAL,2026-10-11,10,199,189,0,READY,2026-10-11,2026-08-01
SHP-00001788,PRD-00050,WH-CENTRAL,2026-10-11,18,18,0,0,AT_RISK,2026-10-11,2026-08-01
SHP-00001807,PRD-00157,WH-CENTRAL,2026-10-11,8,0,0,8,SHORT,,2026-08-01
SHP-00000502,PRD-00179,WH-WEST,2026-10-11,47,242,195,0,READY,2026-10-11,2026-08-01
SHP-00000672,PRD-00058,WH-WEST,2026-10-11,19,274,255,0,READY,2026-10-11,2026-08-01
SHP-00001864,PRD-00103,WH-WEST,2026-10-11,13,169,156,0,READY,2026-10-11,2026-08-01
SHP-00002610,PRD-00142,WH-CENTRAL,2026-10-12,22,176,154,0,READY,2026-10-12,2026-08-01
SHP-00000161,PRD-00177,WH-EAST,2026-10-12,37,0,0,37,SHORT,,2026-08-01
SHP-00000445,PRD-00035,WH-EAST,2026-10-12,44,135,91,0,READY,2026-10-12,2026-08-01
SHP-00001434,PRD-00054,WH-EAST,2026-10-12,8,160,152,0,READY,2026-10-12,2026-08-01
SHP-00001833,PRD-00168,WH-EAST,2026-10-12,5,75,70,0,READY,2026-10-12,2026-08-01
SHP-00001531,PRD-00056,WH-WEST,2026-10-12,48,164,116,0,READY,2026-10-12,2026-08-01
SHP-00002385,PRD-00030,WH-WEST,2026-10-12,48,101,53,0,READY,2026-10-12,2026-08-01
SHP-00001246,PRD-00094,WH-CENTRAL,2026-10-13,24,40,16,0,AT_RISK,2026-10-13,2026-08-01
SHP-00002898,PRD-00118,WH-CENTRAL,2026-10-13,29,11,0,18,SHORT,,2026-08-01
SHP-00003125,PRD-00071,WH-CENTRAL,2026-10-13,43,213,170,0,READY,2026-10-13,2026-08-01
SHP-00001768,PRD-00083,WH-EAST,2026-10-13,20,202,182,0,READY,2026-10-13,2026-08-01
SHP-00002945,PRD-00150,WH-EAST,2026-10-13,45,180,135,0,READY,2026-10-13,2026-08-01
SHP-00000697,PRD-00005,WH-WEST,2026-10-13,24,54,30,0,READY,2026-10-13,2026-08-01
SHP-00001869,PRD-00164,WH-WEST,2026-10-13,48,221,173,0,READY,2026-10-13,2026-08-01
SHP-00002238,PRD-00087,WH-WEST,2026-10-13,40,36,0,4,SHORT,,2026-08-01
SHP-00003124,PRD-00070,WH-WEST,2026-10-13,7,129,122,0,READY,2026-10-13,2026-08-01
SHP-00000048,PRD-00108,WH-CENTRAL,2026-10-14,48,18,0,30,SHORT,,2026-08-01
SHP-00000080,PRD-00158,WH-CENTRAL,2026-10-14,31,137,106,0,READY,2026-10-14,2026-08-01
SHP-00000176,PRD-00090,WH-CENTRAL,2026-10-14,27,34,7,0,AT_RISK,2026-10-14,2026-08-01
SHP-00000747,PRD-00173,WH-CENTRAL,2026-10-14,44,56,12,0,AT_RISK,2026-10-14,2026-08-01
SHP-00000952,PRD-00133,WH-CENTRAL,2026-10-14,24,146,122,0,READY,2026-10-14,2026-08-01
SHP-00001046,PRD-00097,WH-CENTRAL,2026-10-14,17,79,62,0,READY,2026-10-14,2026-08-01
SHP-00001522,PRD-00076,WH-CENTRAL,2026-10-14,6,90,84,0,READY,2026-10-14,2026-08-01
SHP-00001564,PRD-00198,WH-CENTRAL,2026-10-14,3,76,73,0,READY,2026-10-14,2026-08-01
SHP-00001302,PRD-00001,WH-EAST,2026-10-14,34,112,78,0,READY,2026-10-14,2026-08-01
SHP-00002132,PRD-00150,WH-EAST,2026-10-14,35,135,100,0,READY,2026-10-14,2026-08-01
SHP-00003007,PRD-00183,WH-EAST,2026-10-14,12,36,24,0,READY,2026-10-14,2026-08-01
SHP-00000404,PRD-00009,WH-WEST,2026-10-14,16,96,80,0,READY,2026-10-14,2026-08-01
SHP-00000776,PRD-00156,WH-WEST,2026-10-14,9,174,165,0,READY,2026-10-14,2026-08-01
SHP-00002801,PRD-00022,WH-WEST,2026-10-14,33,218,185,0,READY,2026-10-14,2026-08-01
SHP-00002978,PRD-00032,WH-WEST,2026-10-14,33,42,9,0,AT_RISK,2026-10-14,2026-08-01
SHP-00000607,PRD-00100,WH-CENTRAL,2026-10-15,21,35,14,0,READY,2026-10-15,2026-08-01
SHP-00001562,PRD-00042,WH-CENTRAL,2026-10-15,12,134,122,0,READY,2026-10-15,2026-08-01
SHP-00000835,PRD-00056,WH-EAST,2026-10-15,11,87,76,0,READY,2026-10-15,2026-08-01
SHP-00002513,PRD-00027,WH-EAST,2026-10-15,47,229,182,0,READY,2026-10-15,2026-08-01
SHP-00003054,PRD-00194,WH-EAST,2026-10-15,5,27,22,0,READY,2026-10-15,2026-08-01
SHP-00003083,PRD-00007,WH-EAST,2026-10-15,27,0,0,27,WAITING_FOR_INBOUND,2026-10-21,2026-08-01
SHP-00000590,PRD-00163,WH-WEST,2026-10-15,21,187,166,0,READY,2026-10-15,2026-08-01
SHP-00002281,PRD-00198,WH-WEST,2026-10-15,22,191,169,0,READY,2026-10-15,2026-08-01
SHP-00000321,PRD-00022,WH-CENTRAL,2026-10-16,5,121,116,0,READY,2026-10-16,2026-08-01
SHP-00000708,PRD-00075,WH-CENTRAL,2026-10-16,5,0,0,5,SHORT,,2026-08-01
SHP-00000736,PRD-00009,WH-CENTRAL,2026-10-16,18,170,152,0,READY,2026-10-16,2026-08-01
SHP-00001504,PRD-00120,WH-CENTRAL,2026-10-16,14,109,95,0,READY,2026-10-16,2026-08-01
SHP-00001517,PRD-00026,WH-CENTRAL,2026-10-16,24,187,163,0,READY,2026-10-16,2026-08-01
SHP-00001655,PRD-00084,WH-EAST,2026-10-16,17,93,76,0,READY,2026-10-16,2026-08-01
SHP-00001760,PRD-00086,WH-EAST,2026-10-16,7,108,101,0,READY,2026-10-16,2026-08-01
SHP-00002270,PRD-00047,WH-EAST,2026-10-16,45,58,13,0,AT_RISK,2026-10-16,2026-08-01
SHP-00002644,PRD-00087,WH-EAST,2026-10-16,46,112,66,0,READY,2026-10-16,2026-08-01
SHP-00002719,PRD-00041,WH-WEST,2026-10-16,27,136,109,0,READY,2026-10-16,2026-08-01
SHP-00003050,PRD-00080,WH-CENTRAL,2026-10-17,20,140,120,0,READY,2026-10-17,2026-08-01
SHP-00000544,PRD-00021,WH-WEST,2026-10-17,48,107,59,0,READY,2026-10-17,2026-08-01
SHP-00000625,PRD-00071,WH-WEST,2026-10-17,44,57,13,0,READY,2026-10-17,2026-08-01
SHP-00002331,PRD-00052,WH-WEST,2026-10-17,39,21,0,18,WAITING_FOR_INBOUND,2026-10-20,2026-08-01
SHP-00002441,PRD-00109,WH-WEST,2026-10-17,31,34,3,0,AT_RISK,2026-10-17,2026-08-01
SHP-00001266,PRD-00080,WH-CENTRAL,2026-10-18,17,120,103,0,READY,2026-10-18,2026-08-01
SHP-00002570,PRD-00142,WH-CENTRAL,2026-10-18,7,154,147,0,READY,2026-10-18,2026-08-01
SHP-00001279,PRD-00050,WH-EAST,2026-10-18,11,136,125,0,READY,2026-10-18,2026-08-01
SHP-00001769,PRD-00162,WH-EAST,2026-10-18,40,60,20,0,AT_RISK,2026-10-18,2026-08-01
SHP-00002136,PRD-00115,WH-EAST,2026-10-18,43,64,21,0,READY,2026-10-18,2026-08-01
SHP-00002737,PRD-00172,WH-EAST,2026-10-18,48,115,67,0,READY,2026-10-18,2026-08-01
SHP-00002882,PRD-00045,WH-EAST,2026-10-18,29,74,45,0,READY,2026-10-18,2026-08-01
SHP-00000201,PRD-00174,WH-WEST,2026-10-18,43,0,0,43,SHORT,,2026-08-01
SHP-00000331,PRD-00096,WH-CENTRAL,2026-10-19,13,84,71,0,READY,2026-10-19,2026-08-01
SHP-00000613,PRD-00136,WH-CENTRAL,2026-10-19,32,189,157,0,READY,2026-10-19,2026-08-01
SHP-00001694,PRD-00054,WH-CENTRAL,2026-10-19,22,187,165,0,READY,2026-10-19,2026-08-01
SHP-00001853,PRD-00118,WH-CENTRAL,2026-10-19,13,0,0,13,SHORT,,2026-08-01
SHP-00001961,PRD-00148,WH-CENTRAL,2026-10-19,8,138,130,0,READY,2026-10-19,2026-08-01
SHP-00002193,PRD-00145,WH-CENTRAL,2026-10-19,25,160,135,0,READY,2026-10-19,2026-08-01
SHP-00002559,PRD-00126,WH-CENTRAL,2026-10-19,22,152,130,0,READY,2026-10-19,2026-08-01
SHP-00000316,PRD-00115,WH-EAST,2026-10-19,34,21,0,13,SHORT,,2026-08-01
SHP-00000802,PRD-00167,WH-EAST,2026-10-19,31,51,20,0,AT_RISK,2026-10-19,2026-08-01
SHP-00001117,PRD-00170,WH-EAST,2026-10-19,34,49,15,0,AT_RISK,2026-10-19,2026-08-01
SHP-00003016,PRD-00182,WH-EAST,2026-10-19,45,67,22,0,READY,2026-10-19,2026-08-01
SHP-00000009,PRD-00145,WH-WEST,2026-10-19,37,217,180,0,READY,2026-10-19,2026-08-01
SHP-00000126,PRD-00063,WH-WEST,2026-10-19,22,0,0,22,SHORT,,2026-08-01
SHP-00000224,PRD-00104,WH-WEST,2026-10-19,46,20,0,26,SHORT,,2026-08-01
SHP-00002221,PRD-00150,WH-WEST,2026-10-19,33,189,156,0,READY,2026-10-19,2026-08-01
SHP-00002375,PRD-00060,WH-WEST,2026-10-19,23,196,173,0,READY,2026-10-19,2026-08-01
SHP-00002739,PRD-00140,WH-WEST,2026-10-19,28,189,161,0,READY,2026-10-19,2026-08-01
SHP-00000065,PRD-00051,WH-CENTRAL,2026-10-20,21,153,132,0,READY,2026-10-20,2026-08-01
SHP-00000325,PRD-00070,WH-WEST,2026-10-20,10,122,112,0,READY,2026-10-20,2026-08-01
SHP-00000674,PRD-00159,WH-WEST,2026-10-20,38,87,49,0,READY,2026-10-20,2026-08-01
SHP-00001871,PRD-00051,WH-WEST,2026-10-20,6,76,70,0,READY,2026-10-20,2026-08-01
SHP-00001725,PRD-00076,WH-CENTRAL,2026-10-21,36,84,48,0,READY,2026-10-21,2026-08-01
SHP-00002038,PRD-00176,WH-CENTRAL,2026-10-21,38,53,15,0,AT_RISK,2026-10-21,2026-08-01
SHP-00002457,PRD-00173,WH-EAST,2026-10-21,36,146,110,0,READY,2026-10-21,2026-08-01
SHP-00002911,PRD-00123,WH-EAST,2026-10-21,18,179,161,0,READY,2026-10-21,2026-08-01
SHP-00000838,PRD-00156,WH-WEST,2026-10-21,25,165,140,0,READY,2026-10-21,2026-08-01
SHP-00000847,PRD-00006,WH-WEST,2026-10-21,48,17,0,31,SHORT,,2026-08-01
SHP-00001381,PRD-00075,WH-WEST,2026-10-21,15,100,85,0,READY,2026-10-21,2026-08-01
SHP-00000536,PRD-00010,WH-CENTRAL,2026-10-22,48,67,19,0,READY,2026-10-22,2026-08-01
SHP-00000659,PRD-00084,WH-CENTRAL,2026-10-22,24,78,54,0,READY,2026-10-22,2026-08-01
SHP-00001380,PRD-00005,WH-CENTRAL,2026-10-22,46,63,17,0,READY,2026-10-22,2026-08-01
SHP-00001559,PRD-00176,WH-CENTRAL,2026-10-22,33,15,0,18,SHORT,,2026-08-01
SHP-00001685,PRD-00018,WH-CENTRAL,2026-10-22,9,0,0,9,SHORT,,2026-08-01
SHP-00002665,PRD-00035,WH-CENTRAL,2026-10-22,19,262,243,0,READY,2026-10-22,2026-08-01
SHP-00002862,PRD-00039,WH-CENTRAL,2026-10-22,39,130,91,0,READY,2026-10-22,2026-08-01
SHP-00003062,PRD-00168,WH-CENTRAL,2026-10-22,22,39,17,0,AT_RISK,2026-10-22,2026-08-01
SHP-00002673,PRD-00168,WH-EAST,2026-10-22,32,70,38,0,READY,2026-10-22,2026-08-01
SHP-00001642,PRD-00182,WH-CENTRAL,2026-10-23,13,47,34,0,READY,2026-10-23,2026-08-01
SHP-00002495,PRD-00126,WH-CENTRAL,2026-10-23,45,130,85,0,READY,2026-10-23,2026-08-01
SHP-00002766,PRD-00050,WH-CENTRAL,2026-10-23,6,0,0,6,SHORT,,2026-08-01
SHP-00000579,PRD-00029,WH-EAST,2026-10-23,13,40,27,0,READY,2026-10-23,2026-08-01
SHP-00002259,PRD-00113,WH-EAST,2026-10-23,32,40,8,0,AT_RISK,2026-10-23,2026-08-01
SHP-00000292,PRD-00187,WH-WEST,2026-10-23,47,171,124,0,READY,2026-10-23,2026-08-01
SHP-00000357,PRD-00147,WH-WEST,2026-10-23,7,50,43,0,READY,2026-10-23,2026-08-01
SHP-00001494,PRD-00162,WH-WEST,2026-10-23,34,142,108,0,READY,2026-10-23,2026-08-01
SHP-00001437,PRD-00032,WH-EAST,2026-10-24,18,264,246,0,READY,2026-10-24,2026-08-01
SHP-00002447,PRD-00162,WH-EAST,2026-10-24,29,20,0,9,SHORT,,2026-08-01
SHP-00002590,PRD-00091,WH-EAST,2026-10-24,22,276,254,0,READY,2026-10-24,2026-08-01
SHP-00001158,PRD-00047,WH-WEST,2026-10-24,29,128,99,0,READY,2026-10-24,2026-08-01
SHP-00000102,PRD-00087,WH-CENTRAL,2026-10-25,10,19,9,0,AT_RISK,2026-10-25,2026-08-01
SHP-00001738,PRD-00080,WH-CENTRAL,2026-10-25,19,103,84,0,READY,2026-10-25,2026-08-01
SHP-00002039,PRD-00123,WH-CENTRAL,2026-10-25,37,116,79,0,READY,2026-10-25,2026-08-01
SHP-00002060,PRD-00086,WH-CENTRAL,2026-10-25,6,103,97,0,READY,2026-10-25,2026-08-01
SHP-00002330,PRD-00049,WH-CENTRAL,2026-10-25,7,27,20,0,AT_RISK,2026-10-25,2026-08-01
SHP-00000406,PRD-00122,WH-EAST,2026-10-25,5,147,142,0,READY,2026-10-25,2026-08-01
SHP-00001620,PRD-00147,WH-EAST,2026-10-25,41,36,0,5,SHORT,,2026-08-01
SHP-00002542,PRD-00123,WH-EAST,2026-10-25,18,161,143,0,READY,2026-10-25,2026-08-01
SHP-00001017,PRD-00142,WH-WEST,2026-10-25,23,0,0,23,SHORT,,2026-08-01
SHP-00001470,PRD-00017,WH-WEST,2026-10-25,17,166,149,0,READY,2026-10-25,2026-08-01
SHP-00001990,PRD-00123,WH-WEST,2026-10-25,11,145,134,0,READY,2026-10-25,2026-08-01
SHP-00002306,PRD-00134,WH-WEST,2026-10-25,26,218,192,0,READY,2026-10-25,2026-08-01
SHP-00002399,PRD-00051,WH-WEST,2026-10-25,39,70,31,0,READY,2026-10-25,2026-08-01
SHP-00002857,PRD-00015,WH-WEST,2026-10-25,12,163,151,0,READY,2026-10-25,2026-08-01
SHP-00003113,PRD-00199,WH-WEST,2026-10-25,17,82,65,0,READY,2026-10-25,2026-08-01
SHP-00000775,PRD-00066,WH-CENTRAL,2026-10-26,30,158,128,0,READY,2026-10-26,2026-08-01
SHP-00002368,PRD-00106,WH-CENTRAL,2026-10-26,20,63,43,0,READY,2026-10-26,2026-08-01
SHP-00001757,PRD-00062,WH-EAST,2026-10-26,37,136,99,0,READY,2026-10-26,2026-08-01
SHP-00002058,PRD-00079,WH-WEST,2026-10-26,48,211,163,0,READY,2026-10-26,2026-08-01
SHP-00002763,PRD-00116,WH-CENTRAL,2026-10-27,32,20,0,12,SHORT,,2026-08-01
SHP-00000824,PRD-00104,WH-WEST,2026-10-27,38,0,0,38,SHORT,,2026-08-01
SHP-00000960,PRD-00157,WH-WEST,2026-10-27,19,1,0,18,SHORT,,2026-08-01
SHP-00002235,PRD-00040,WH-WEST,2026-10-27,13,109,96,0,READY,2026-10-27,2026-08-01
SHP-00002702,PRD-00083,WH-WEST,2026-10-27,18,33,15,0,AT_RISK,2026-10-27,2026-08-01
SHP-00000268,PRD-00165,WH-CENTRAL,2026-10-28,41,42,1,0,AT_RISK,2026-10-28,2026-08-01
SHP-00000888,PRD-00126,WH-EAST,2026-10-28,23,156,133,0,READY,2026-10-28,2026-08-01
SHP-00001610,PRD-00059,WH-EAST,2026-10-28,6,234,228,0,READY,2026-10-28,2026-08-01
SHP-00001952,PRD-00174,WH-WEST,2026-10-28,21,0,0,21,SHORT,,2026-08-01
SHP-00001276,PRD-00193,WH-CENTRAL,2026-10-29,16,113,97,0,READY,2026-10-29,2026-08-01
SHP-00001468,PRD-00179,WH-CENTRAL,2026-10-29,48,45,0,3,SHORT,,2026-08-01
SHP-00001955,PRD-00145,WH-CENTRAL,2026-10-29,28,135,107,0,READY,2026-10-29,2026-08-01
SHP-00002105,PRD-00135,WH-CENTRAL,2026-10-29,16,178,162,0,READY,2026-10-29,2026-08-01
SHP-00002222,PRD-00019,WH-CENTRAL,2026-10-29,18,217,199,0,READY,2026-10-29,2026-08-01
SHP-00001077,PRD-00010,WH-EAST,2026-10-29,39,93,54,0,READY,2026-10-29,2026-08-01
SHP-00001497,PRD-00018,WH-EAST,2026-10-29,3,102,99,0,READY,2026-10-29,2026-08-01
SHP-00001141,PRD-00016,WH-WEST,2026-10-29,10,191,181,0,READY,2026-10-29,2026-08-01
SHP-00002848,PRD-00123,WH-WEST,2026-10-29,32,134,102,0,READY,2026-10-29,2026-08-01
SHP-00000665,PRD-00192,WH-CENTRAL,2026-10-30,11,215,204,0,READY,2026-10-30,2026-08-01
SHP-00000822,PRD-00165,WH-CENTRAL,2026-10-30,5,1,0,4,SHORT,,2026-08-01
SHP-00001498,PRD-00037,WH-CENTRAL,2026-10-30,34,76,42,0,READY,2026-10-30,2026-08-01
SHP-00002116,PRD-00143,WH-CENTRAL,2026-10-30,37,46,9,0,AT_RISK,2026-10-30,2026-08-01
SHP-00002528,PRD-00037,WH-EAST,2026-10-30,6,100,94,0,READY,2026-10-30,2026-08-01
SHP-00000943,PRD-00199,WH-WEST,2026-10-30,37,65,28,0,READY,2026-10-30,2026-08-01
SHP-00001968,PRD-00084,WH-WEST,2026-10-30,26,56,30,0,READY,2026-10-30,2026-08-01
